Ranking by Total Referral Bonus Earned,User ID,Yesterday Referral Bonus Earned (BTC),Traded,Account Balance > 1 USDT,Time Invited
1,144247502,0.00039865 BTC,YES,YES,2021-05-06 12:44:07
2,55300995,0.00034997 BTC,YES,YES,2020-11-09 19:07:27
3,96842279,0.00017027 BTC,YES,YES,2021-03-13 20:46:19
4,146407035,0.00014832 BTC,YES,YES,2021-05-07 20:45:25
5,144051868,0.00009479 BTC,YES,YES,2021-05-06 09:46:13
6,95906189,0.00008856 BTC,YES,YES,2021-03-12 15:10:14
7,66476860,0.00008543 BTC,YES,YES,2021-01-14 23:04:10
8,54158973,0.00008290 BTC,YES,YES,2021-01-13 23:58:48
9,160412568,0.00007621 BTC,YES,YES,2021-05-16 17:17:31
10,144932502,0.00007077 BTC,YES,YES,2021-05-06 21:26:54
11,60465521,0.00006370 BTC,YES,YES,2020-12-20 20:46:32
12,26292825,0.00006093 BTC,YES,YES,2021-05-07 00:47:28
13,44575637,0.00003933 BTC,YES,YES,2020-07-17 11:43:17
14,95798451,0.00003792 BTC,YES,YES,2021-03-12 11:04:23
15,120361989,0.00003517 BTC,YES,YES,2021-04-13 22:58:56
16,47173042,0.00003266 BTC,YES,YES,2020-08-16 15:35:45
17,144334843,0.00003227 BTC,YES,YES,2021-05-06 14:03:42
18,144469217,0.00002761 BTC,YES,YES,2021-05-06 16:22:15
19,98306874,0.00002450 BTC,YES,YES,2021-05-07 06:41:33
20,84315402,0.00002373 BTC,YES,YES,2021-03-13 23:55:45
21,121942042,0.00001854 BTC,YES,YES,2021-04-18 12:37:50
22,146571925,0.00001712 BTC,YES,YES,2021-05-07 23:00:04
23,95850675,0.00001562 BTC,YES,YES,2021-03-12 12:51:39
24,145976691,0.00001511 BTC,YES,YES,2021-05-07 15:09:32
25,141941388,0.00001435 BTC,YES,YES,2021-05-07 15:22:09
26,154879565,0.00001421 BTC,YES,YES,2021-05-12 17:11:51
27,96849902,0.00001381 BTC,YES,YES,2021-03-13 20:57:50
28,148102769,0.00001341 BTC,YES,YES,2021-05-08 21:40:23
29,153794066,0.00001293 BTC,YES,YES,2021-05-11 23:06:51
30,67027169,0.00001210 BTC,YES,YES,2021-01-14 23:44:52
31,144117210,0.00001206 BTC,YES,YES,2021-05-06 10:48:39
32,95913496,0.00001180 BTC,YES,YES,2021-03-12 15:00:24
33,95649543,0.00001120 BTC,YES,YES,2021-03-13 17:03:07
34,66646942,0.00001056 BTC,YES,YES,2021-01-13 18:09:43
35,95904968,0.00001007 BTC,YES,YES,2021-03-12 14:43:16
36,145091031,0.00000958 BTC,YES,YES,2021-05-06 23:13:33
37,95992478,0.00000942 BTC,YES,YES,2021-03-12 18:03:50
38,26866668,0.00000929 BTC,YES,YES,2020-07-25 18:29:35
39,143486313,0.00000901 BTC,YES,YES,2021-05-05 23:36:03
40,96790546,0.00000857 BTC,YES,YES,2021-03-13 23:09:48
41,20827907,0.00000852 BTC,YES,YES,2021-05-06 14:45:24
42,144887995,0.00000836 BTC,YES,YES,2021-05-07 23:59:05
43,154819166,0.00000785 BTC,YES,YES,2021-05-12 15:08:41
44,99762605,0.00000756 BTC,YES,YES,2021-03-18 16:50:04
45,143502539,0.00000750 BTC,YES,YES,2021-05-05 23:18:40
46,95807562,0.00000727 BTC,YES,YES,2021-03-12 11:23:59
47,95593469,0.00000714 BTC,YES,YES,2021-03-12 00:36:03
48,65720409,0.00000709 BTC,YES,YES,2021-01-14 15:43:25
49,136497921,0.00000606 BTC,YES,YES,2021-04-29 22:16:18
50,147415396,0.00000580 BTC,YES,YES,2021-05-08 13:36:26
51,143506214,0.00000559 BTC,YES,YES,2021-05-06 19:31:27
52,96211995,0.00000502 BTC,YES,YES,2021-03-13 00:13:34
53,96808559,0.00000491 BTC,YES,YES,2021-03-13 21:18:21
54,66883032,0.00000472 BTC,YES,YES,2021-01-15 16:55:39
55,96098286,0.00000457 BTC,YES,YES,2021-03-13 14:24:03
56,95580209,0.00000437 BTC,YES,YES,2021-03-12 00:04:50
57,67015445,0.00000418 BTC,YES,YES,2021-01-14 23:47:01
58,153814722,0.00000410 BTC,YES,YES,2021-05-11 23:23:17
59,51799819,0.00000408 BTC,YES,YES,2020-09-25 22:22:31
60,55089784,0.00000394 BTC,YES,YES,2020-11-06 23:29:48
61,96215244,0.00000364 BTC,YES,YES,2021-03-13 00:18:25
62,143642173,0.00000350 BTC,YES,YES,2021-05-06 01:45:42
63,118895845,0.00000335 BTC,YES,YES,2021-05-31 19:22:39
64,84133610,0.00000334 BTC,YES,YES,2021-03-13 10:44:54
65,146407775,0.00000333 BTC,YES,YES,2021-05-07 23:17:04
66,66597981,0.00000320 BTC,YES,YES,2021-01-13 14:48:35
67,46795718,0.00000307 BTC,YES,YES,2020-08-14 08:46:57
68,146334612,0.00000303 BTC,YES,YES,2021-05-07 23:16:47
69,96755449,0.00000287 BTC,YES,YES,2021-04-10 23:08:06
70,22168903,0.00000285 BTC,YES,YES,2021-05-08 15:02:31
71,65686283,0.00000267 BTC,YES,YES,2021-01-17 17:29:21
72,141272103,0.00000250 BTC,YES,YES,2021-05-06 21:54:28
73,147694153,0.00000246 BTC,YES,YES,2021-05-08 17:05:02
74,144891438,0.00000245 BTC,YES,YES,2021-05-06 20:45:24
75,143501347,0.00000243 BTC,YES,YES,2021-05-05 23:17:35
76,96785187,0.00000224 BTC,YES,YES,2021-03-14 17:29:07
77,158379473,0.00000223 BTC,YES,YES,2021-05-14 23:01:58
79,51953584,0.00000221 BTC,YES,YES,2020-09-30 13:57:41
78,95919438,0.00000221 BTC,YES,YES,2021-03-15 15:34:47
80,144965331,0.00000215 BTC,YES,YES,2021-05-07 10:49:35
81,96097764,0.00000206 BTC,YES,YES,2021-03-12 21:08:42
82,95568932,0.00000199 BTC,YES,YES,2021-03-11 23:41:23
83,40324276,0.00000195 BTC,YES,YES,2020-06-12 13:30:14
84,144908432,0.00000189 BTC,YES,YES,2021-05-07 15:59:47
85,144558033,0.00000180 BTC,YES,YES,2021-05-06 19:19:01
86,66678099,0.00000178 BTC,YES,YES,2021-01-15 18:00:21
88,96228552,0.00000170 BTC,YES,YES,2021-03-13 00:38:53
87,145835230,0.00000170 BTC,YES,YES,2021-05-10 21:28:39
89,150344304,0.00000167 BTC,YES,NO,2021-05-10 13:27:40
90,64501427,0.00000161 BTC,YES,YES,2021-01-13 23:17:21
92,116259257,0.00000140 BTC,YES,YES,2021-05-06 13:03:03
93,144784339,0.00000140 BTC,YES,YES,2021-05-06 19:24:57
91,147480841,0.00000140 BTC,YES,YES,2021-05-08 14:28:22
94,146326304,0.00000133 BTC,YES,YES,2021-05-07 20:19:24
95,147423096,0.00000125 BTC,YES,YES,2021-05-08 15:20:00
96,147429211,0.00000119 BTC,YES,YES,2021-05-08 13:47:55
97,96692621,0.00000118 BTC,YES,YES,2021-03-13 19:09:48
98,163409812,0.00000115 BTC,YES,YES,2021-05-19 14:39:59
99,95592378,0.00000104 BTC,YES,YES,2021-03-12 00:33:16
100,95896051,0.00000095 BTC,YES,YES,2021-03-12 14:25:40
102,55488422,0.00000092 BTC,YES,YES,2020-11-16 19:43:05
101,128260883,0.00000092 BTC,YES,YES,2021-05-06 15:09:57
104,152849218,0.00000091 BTC,YES,YES,2021-05-11 13:03:06
103,165660303,0.00000091 BTC,YES,YES,2021-05-21 18:09:27
105,76688784,0.00000086 BTC,YES,YES,2021-03-13 00:05:36
106,66473495,0.00000082 BTC,YES,YES,2021-01-31 16:33:04
107,147693772,0.00000078 BTC,YES,YES,2021-05-08 17:04:49
108,77628315,0.00000077 BTC,YES,YES,2021-02-09 23:48:33
110,144762249,0.00000077 BTC,YES,YES,2021-05-06 19:09:43
109,145936644,0.00000077 BTC,YES,YES,2021-05-08 14:38:18
111,145646960,0.00000072 BTC,YES,YES,2021-05-07 11:17:33
112,148744406,0.00000068 BTC,YES,YES,2021-05-09 09:19:47
113,144796686,0.00000065 BTC,YES,YES,2021-05-06 19:40:49
115,120259058,0.00000056 BTC,YES,YES,2021-05-02 09:27:54
114,147304275,0.00000056 BTC,YES,YES,2021-05-08 12:06:39
117,96708627,0.00000051 BTC,YES,YES,2021-03-13 18:27:30
116,154800314,0.00000051 BTC,YES,YES,2021-05-12 14:43:08
118,148136095,0.00000046 BTC,YES,YES,2021-05-08 22:07:41
119,45562416,0.00000043 BTC,YES,YES,2020-11-26 22:34:14
120,55387753,0.00000040 BTC,YES,YES,2020-11-10 21:52:33
121,147327831,0.00000040 BTC,YES,NO,2021-05-08 12:26:20
122,55157372,0.00000036 BTC,YES,YES,2020-11-07 19:10:15
123,62064433,0.00000035 BTC,YES,YES,2021-01-13 03:06:39
124,146411186,0.00000035 BTC,YES,YES,2021-05-07 20:48:54
125,66603205,0.00000034 BTC,YES,YES,2021-01-14 14:30:16
126,147814800,0.00000033 BTC,YES,YES,2021-05-08 18:25:01
127,144129020,0.00000030 BTC,YES,YES,2021-05-06 17:27:01
128,84110178,0.00000023 BTC,YES,YES,2021-03-13 18:00:37
129,145011047,0.00000023 BTC,YES,YES,2021-05-07 08:11:34
130,119025411,0.00000018 BTC,YES,YES,2021-04-27 13:23:23
131,146788097,0.00000018 BTC,YES,YES,2021-05-08 16:37:28
133,144384190,0.00000017 BTC,YES,YES,2021-05-06 14:42:46
132,145023571,0.00000017 BTC,YES,YES,2021-05-06 22:21:01
134,144491282,0.00000013 BTC,YES,YES,2021-05-06 19:18:47
135,145060561,0.00000011 BTC,YES,YES,2021-05-06 22:49:43
136,148354870,0.00000011 BTC,YES,YES,2021-05-09 02:28:09
137,145598037,0.00000008 BTC,YES,YES,2021-05-07 10:13:28
139,144992140,0.00000006 BTC,YES,YES,2021-05-07 16:22:34
138,170576203,0.00000006 BTC,YES,YES,2021-05-28 16:09:25
140,66728365,0.00000004 BTC,YES,NO,2021-01-17 23:03:09
141,158302988,0.00000003 BTC,YES,YES,2021-05-14 22:06:34
142,39897529,0.00000000 BTC,NO,NO,2020-05-10 14:59:04
143,41643864,0.00000000 BTC,NO,NO,2020-05-15 22:49:58
144,35038243,0.00000000 BTC,NO,NO,2020-05-28 22:04:08
145,39222436,0.00000000 BTC,NO,NO,2020-06-18 10:50:56
146,43071402,0.00000000 BTC,NO,NO,2020-06-23 17:15:09
147,43220259,0.00000000 BTC,NO,NO,2020-06-26 00:23:40
148,43251284,0.00000000 BTC,NO,NO,2020-06-26 17:30:23
149,43322655,0.00000000 BTC,NO,NO,2020-06-28 12:35:27
150,43363048,0.00000000 BTC,NO,YES,2020-06-29 13:44:57
151,43370655,0.00000000 BTC,NO,NO,2020-06-29 17:26:14
152,43716642,0.00000000 BTC,NO,NO,2020-07-05 13:17:14
153,44576085,0.00000000 BTC,NO,NO,2020-07-15 23:01:43
154,16177530,0.00000000 BTC,NO,NO,2020-07-20 12:10:57
155, ,0.00000000 BTC,NO,NO,2020-07-20 12:11:07
156,20125722,0.00000000 BTC,NO,NO,2020-07-27 21:57:08
157,45643310,0.00000000 BTC,NO,YES,2020-07-31 19:05:34
158,46145409,0.00000000 BTC,NO,NO,2020-08-05 10:31:56
159,46873025,0.00000000 BTC,NO,YES,2020-08-13 17:24:18
160,48280774,0.00000000 BTC,NO,NO,2020-08-27 17:29:10
161,49776835,0.00000000 BTC,NO,YES,2020-09-13 10:06:43
162,50128541,0.00000000 BTC,NO,NO,2020-09-15 13:37:19
163,51621158,0.00000000 BTC,NO,NO,2020-09-23 00:34:31
164,51832880,0.00000000 BTC,NO,NO,2020-09-26 14:52:04
165,51843425,0.00000000 BTC,NO,NO,2020-09-26 17:42:34
166,51850608,0.00000000 BTC,NO,NO,2020-09-26 19:53:38
167,51850750,0.00000000 BTC,NO,NO,2020-09-26 19:58:39
168,51943301,0.00000000 BTC,NO,NO,2020-09-28 12:13:13
169,51957580,0.00000000 BTC,NO,NO,2020-09-28 16:24:59
170,52027379,0.00000000 BTC,NO,NO,2020-09-29 17:16:59
171,52432159,0.00000000 BTC,NO,NO,2020-10-04 16:48:39
172,51850328,0.00000000 BTC,NO,NO,2020-10-09 18:25:23
173,51884590,0.00000000 BTC,NO,NO,2020-10-15 16:08:11
174,54441269,0.00000000 BTC,NO,NO,2020-11-06 02:34:10
175,55045152,0.00000000 BTC,NO,NO,2020-11-06 14:36:18
176,55090038,0.00000000 BTC,NO,NO,2020-11-06 23:34:05
177,55094360,0.00000000 BTC,NO,NO,2020-11-07 00:47:52
178,54687317,0.00000000 BTC,NO,NO,2020-11-07 11:11:17
179,55133225,0.00000000 BTC,NO,YES,2020-11-07 13:33:23
180,55136558,0.00000000 BTC,NO,NO,2020-11-07 14:24:37
181,55101569,0.00000000 BTC,NO,NO,2020-11-07 14:28:26
182,55131774,0.00000000 BTC,NO,NO,2020-11-07 15:25:55
183,55143418,0.00000000 BTC,NO,NO,2020-11-07 16:00:05
184,52161223,0.00000000 BTC,NO,YES,2020-11-07 16:14:30
185,55147280,0.00000000 BTC,NO,NO,2020-11-07 16:52:59
186,55154309,0.00000000 BTC,NO,YES,2020-11-07 18:25:44
187,55160601,0.00000000 BTC,NO,NO,2020-11-07 21:03:13
188,55170124,0.00000000 BTC,NO,NO,2020-11-08 00:04:42
189,55199448,0.00000000 BTC,NO,NO,2020-11-08 12:15:43
190,55216509,0.00000000 BTC,NO,NO,2020-11-08 16:39:46
191,55216742,0.00000000 BTC,NO,YES,2020-11-08 16:43:06
192,55217013,0.00000000 BTC,NO,NO,2020-11-08 16:47:27
193,55219345,0.00000000 BTC,NO,YES,2020-11-08 17:24:33
194,55222440,0.00000000 BTC,NO,YES,2020-11-08 18:10:10
195,55119587,0.00000000 BTC,NO,NO,2020-11-08 18:11:04
196,55224132,0.00000000 BTC,NO,NO,2020-11-08 18:31:48
197,55286058,0.00000000 BTC,NO,NO,2020-11-09 16:13:57
198,55288305,0.00000000 BTC,NO,NO,2020-11-09 16:18:22
199,55218303,0.00000000 BTC,NO,NO,2020-11-09 20:42:10
200,55354435,0.00000000 BTC,NO,YES,2020-11-10 13:49:05
201,55347857,0.00000000 BTC,NO,NO,2020-11-10 17:23:38
202,55348980,0.00000000 BTC,NO,YES,2020-11-10 17:52:03
203,55389780,0.00000000 BTC,NO,NO,2020-11-10 22:48:04
204,55434358,0.00000000 BTC,NO,NO,2020-11-11 14:15:27
205,55435859,0.00000000 BTC,NO,NO,2020-11-11 14:41:00
206,55281553,0.00000000 BTC,NO,YES,2020-11-11 20:57:58
207,55476834,0.00000000 BTC,NO,NO,2020-11-12 00:44:25
208,54244528,0.00000000 BTC,NO,NO,2020-11-15 19:18:07
209,55143231,0.00000000 BTC,NO,YES,2020-11-16 23:02:30
210,18877238,0.00000000 BTC,NO,NO,2020-11-17 10:57:10
211,55155688,0.00000000 BTC,NO,NO,2020-11-20 22:28:46
212,56346024,0.00000000 BTC,NO,YES,2020-11-21 17:10:46
213,56999831,0.00000000 BTC,NO,NO,2020-11-25 14:40:27
214,55192485,0.00000000 BTC,NO,NO,2020-11-26 12:53:28
215,57506913,0.00000000 BTC,NO,NO,2020-11-29 18:32:56
216,58351308,0.00000000 BTC,NO,NO,2020-12-04 14:39:50
217,59743572,0.00000000 BTC,NO,NO,2020-12-17 01:01:26
218,59653127,0.00000000 BTC,NO,NO,2020-12-17 01:44:24
219,59697030,0.00000000 BTC,NO,YES,2020-12-17 19:53:43
220,60518553,0.00000000 BTC,NO,NO,2020-12-27 10:12:23
221,55596025,0.00000000 BTC,NO,YES,2021-01-03 20:35:41
222,65275563,0.00000000 BTC,NO,NO,2021-01-10 12:39:04
223,57497378,0.00000000 BTC,NO,NO,2021-01-11 23:36:25
224,66460376,0.00000000 BTC,NO,YES,2021-01-12 23:03:55
225,66465872,0.00000000 BTC,NO,YES,2021-01-12 23:32:08
226,66466611,0.00000000 BTC,NO,YES,2021-01-12 23:36:11
227,65305331,0.00000000 BTC,NO,NO,2021-01-12 23:58:20
228,51935631,0.00000000 BTC,NO,YES,2021-01-13 00:12:02
229,55321847,0.00000000 BTC,NO,YES,2021-01-13 00:33:55
230,66481366,0.00000000 BTC,NO,NO,2021-01-13 01:00:21
231,65404288,0.00000000 BTC,NO,NO,2021-01-13 02:28:05
232,44774831,0.00000000 BTC,NO,YES,2021-01-13 02:52:56
233,66500442,0.00000000 BTC,NO,YES,2021-01-13 03:13:45
234,66461821,0.00000000 BTC,NO,NO,2021-01-13 10:05:14
235,66543260,0.00000000 BTC,NO,NO,2021-01-13 10:13:07
236,66484006,0.00000000 BTC,NO,NO,2021-01-13 13:00:24
237,66590737,0.00000000 BTC,NO,NO,2021-01-13 14:38:00
238,66598691,0.00000000 BTC,NO,NO,2021-01-13 15:02:56
239,66629633,0.00000000 BTC,NO,NO,2021-01-13 16:35:33
240,66641869,0.00000000 BTC,NO,NO,2021-01-13 17:28:41
241,66664253,0.00000000 BTC,NO,NO,2021-01-13 18:32:53
242,66669564,0.00000000 BTC,NO,YES,2021-01-13 18:44:00
243,66634772,0.00000000 BTC,NO,YES,2021-01-13 20:14:18
244,62151101,0.00000000 BTC,NO,YES,2021-01-13 22:14:33
245,66700487,0.00000000 BTC,NO,YES,2021-01-13 23:27:50
246,66747234,0.00000000 BTC,NO,YES,2021-01-13 23:58:29
247,66746152,0.00000000 BTC,NO,NO,2021-01-14 00:23:17
248,66745226,0.00000000 BTC,NO,NO,2021-01-14 00:33:38
249,66769115,0.00000000 BTC,NO,NO,2021-01-14 01:03:57
250,66770983,0.00000000 BTC,NO,NO,2021-01-14 01:48:06
251,66535965,0.00000000 BTC,NO,NO,2021-01-14 10:21:20
252,66859841,0.00000000 BTC,NO,YES,2021-01-14 12:11:57
253,66923531,0.00000000 BTC,NO,NO,2021-01-14 17:02:46
254,66928630,0.00000000 BTC,NO,NO,2021-01-14 17:54:15
255,66983625,0.00000000 BTC,NO,NO,2021-01-14 20:49:50
256,66634952,0.00000000 BTC,NO,NO,2021-01-14 21:08:26
257,66997435,0.00000000 BTC,NO,YES,2021-01-14 21:36:13
258,20109987,0.00000000 BTC,NO,YES,2021-01-14 23:19:09
259,67130042,0.00000000 BTC,NO,NO,2021-01-15 11:52:05
260,66620861,0.00000000 BTC,NO,NO,2021-01-15 13:05:07
261,67145154,0.00000000 BTC,NO,NO,2021-01-15 13:11:08
262,57288307,0.00000000 BTC,NO,YES,2021-01-15 16:20:11
263,65678162,0.00000000 BTC,NO,NO,2021-01-15 20:42:54
264,62934162,0.00000000 BTC,NO,NO,2021-01-17 02:11:04
265,66479587,0.00000000 BTC,NO,NO,2021-01-17 20:04:29
266,67480400,0.00000000 BTC,NO,YES,2021-01-17 20:19:57
267,65492468,0.00000000 BTC,NO,NO,2021-01-18 10:01:34
268,44610383,0.00000000 BTC,NO,NO,2021-01-18 19:01:54
269,45412466,0.00000000 BTC,NO,NO,2021-01-18 19:08:22
270,46260252,0.00000000 BTC,NO,NO,2021-01-18 19:13:00
271,46799755,0.00000000 BTC,NO,NO,2021-01-18 19:16:27
272,55095142,0.00000000 BTC,NO,NO,2021-01-18 19:18:23
273,66844607,0.00000000 BTC,NO,YES,2021-01-18 20:38:58
274,68022625,0.00000000 BTC,NO,YES,2021-01-18 22:46:03
275,68162940,0.00000000 BTC,NO,YES,2021-01-19 13:41:27
276,46851414,0.00000000 BTC,NO,YES,2021-01-22 16:14:01
277,68714865,0.00000000 BTC,NO,NO,2021-01-22 19:19:24
278,69119130,0.00000000 BTC,NO,NO,2021-01-23 18:52:37
279,69138481,0.00000000 BTC,NO,NO,2021-01-23 19:19:31
280,71182997,0.00000000 BTC,NO,NO,2021-01-29 18:49:10
281,71843218,0.00000000 BTC,NO,NO,2021-01-30 19:00:50
282,72080423,0.00000000 BTC,NO,NO,2021-01-31 02:24:15
283,66734795,0.00000000 BTC,NO,YES,2021-01-31 13:42:10
284,73628137,0.00000000 BTC,NO,NO,2021-02-03 15:00:40
285,73757647,0.00000000 BTC,NO,NO,2021-02-03 18:57:39
286,73693360,0.00000000 BTC,NO,NO,2021-02-03 19:00:28
287,13816782,0.00000000 BTC,NO,NO,2021-02-05 16:06:54
288,76434309,0.00000000 BTC,NO,NO,2021-02-08 23:13:28
289,64531607,0.00000000 BTC,NO,NO,2021-02-09 17:53:17
290,79942381,0.00000000 BTC,NO,NO,2021-02-13 10:01:00
291,81764630,0.00000000 BTC,NO,NO,2021-02-15 19:38:32
292,81766436,0.00000000 BTC,NO,NO,2021-02-15 19:57:36
293,81810783,0.00000000 BTC,NO,YES,2021-02-15 21:15:40
294,82183467,0.00000000 BTC,NO,YES,2021-02-16 14:24:48
295,65686724,0.00000000 BTC,NO,NO,2021-02-17 23:47:16
296,85629900,0.00000000 BTC,NO,NO,2021-02-21 23:11:36
297,82141401,0.00000000 BTC,NO,NO,2021-02-25 13:07:11
298,78100307,0.00000000 BTC,NO,NO,2021-02-25 14:46:09
299,68206317,0.00000000 BTC,NO,NO,2021-02-26 14:32:06
300,92966445,0.00000000 BTC,NO,NO,2021-03-06 14:37:59
301,93340380,0.00000000 BTC,NO,NO,2021-03-07 17:31:24
302,65680300,0.00000000 BTC,NO,NO,2021-03-11 22:18:23
303,25270060,0.00000000 BTC,NO,NO,2021-03-11 23:40:01
304,95568637,0.00000000 BTC,NO,NO,2021-03-11 23:40:47
305,95572603,0.00000000 BTC,NO,NO,2021-03-11 23:49:00
306,95573680,0.00000000 BTC,NO,NO,2021-03-11 23:51:10
307,95569595,0.00000000 BTC,NO,NO,2021-03-12 00:00:51
308,95581383,0.00000000 BTC,NO,NO,2021-03-12 00:07:24
309,95581607,0.00000000 BTC,NO,NO,2021-03-12 00:07:54
310,95592184,0.00000000 BTC,NO,YES,2021-03-12 00:32:46
311,61532173,0.00000000 BTC,NO,YES,2021-03-12 00:34:45
312,95583699,0.00000000 BTC,NO,NO,2021-03-12 00:49:40
313,95599637,0.00000000 BTC,NO,NO,2021-03-12 00:51:28
314,95604980,0.00000000 BTC,NO,NO,2021-03-12 01:04:27
315,95612479,0.00000000 BTC,NO,NO,2021-03-12 01:22:56
316,19922969,0.00000000 BTC,NO,YES,2021-03-12 02:15:23
317,95632901,0.00000000 BTC,NO,NO,2021-03-12 02:24:04
318,95638278,0.00000000 BTC,NO,NO,2021-03-12 02:43:26
319,95654438,0.00000000 BTC,NO,NO,2021-03-12 03:46:58
320,95670850,0.00000000 BTC,NO,YES,2021-03-12 05:55:11
321,95739206,0.00000000 BTC,NO,NO,2021-03-12 08:44:43
322,95758618,0.00000000 BTC,NO,NO,2021-03-12 09:36:16
323,95766785,0.00000000 BTC,NO,NO,2021-03-12 09:54:54
324,95744315,0.00000000 BTC,NO,YES,2021-03-12 10:08:59
325,95766202,0.00000000 BTC,NO,NO,2021-03-12 10:37:13
326,95804487,0.00000000 BTC,NO,NO,2021-03-12 11:17:24
327,95823344,0.00000000 BTC,NO,NO,2021-03-12 11:57:03
328,95849853,0.00000000 BTC,NO,NO,2021-03-12 13:01:45
329,95860527,0.00000000 BTC,NO,NO,2021-03-12 13:11:31
330,95864607,0.00000000 BTC,NO,YES,2021-03-12 13:19:47
331,95880364,0.00000000 BTC,NO,NO,2021-03-12 13:53:28
332,95889065,0.00000000 BTC,NO,YES,2021-03-12 14:11:15
333,95889778,0.00000000 BTC,NO,NO,2021-03-12 14:12:40
334,91034318,0.00000000 BTC,NO,YES,2021-03-12 14:47:49
335,95885826,0.00000000 BTC,NO,YES,2021-03-12 14:53:07
336,95848158,0.00000000 BTC,NO,NO,2021-03-12 15:10:07
337,95870012,0.00000000 BTC,NO,NO,2021-03-12 15:10:09
338,95928450,0.00000000 BTC,NO,YES,2021-03-12 15:48:13
339,95863700,0.00000000 BTC,NO,NO,2021-03-12 15:58:23
340,39968218,0.00000000 BTC,NO,NO,2021-03-12 16:39:28
341,95964092,0.00000000 BTC,NO,YES,2021-03-12 16:40:01
342,95990513,0.00000000 BTC,NO,NO,2021-03-12 17:32:42
343,95997859,0.00000000 BTC,NO,NO,2021-03-12 17:45:42
344,96002607,0.00000000 BTC,NO,NO,2021-03-12 17:54:12
345,96010322,0.00000000 BTC,NO,YES,2021-03-12 18:09:25
346,96035591,0.00000000 BTC,NO,NO,2021-03-12 19:00:02
347,96039167,0.00000000 BTC,NO,NO,2021-03-12 19:07:08
348,96034760,0.00000000 BTC,NO,NO,2021-03-12 19:14:13
349,96044636,0.00000000 BTC,NO,NO,2021-03-12 19:18:55
350,95722018,0.00000000 BTC,NO,NO,2021-03-12 19:33:06
351,75352698,0.00000000 BTC,NO,NO,2021-03-12 19:43:54
352,96016398,0.00000000 BTC,NO,YES,2021-03-12 19:58:39
353,96064287,0.00000000 BTC,NO,YES,2021-03-12 20:00:14
354,96090823,0.00000000 BTC,NO,YES,2021-03-12 20:55:01
355,96095097,0.00000000 BTC,NO,NO,2021-03-12 21:03:23
356,38435932,0.00000000 BTC,NO,YES,2021-03-12 21:04:53
357,95873936,0.00000000 BTC,NO,NO,2021-03-12 21:18:09
358,96102712,0.00000000 BTC,NO,YES,2021-03-12 21:18:23
359,96102820,0.00000000 BTC,NO,YES,2021-03-12 21:18:35
360,96109827,0.00000000 BTC,NO,NO,2021-03-12 21:32:37
361,96112915,0.00000000 BTC,NO,NO,2021-03-12 21:38:50
362,74883075,0.00000000 BTC,NO,YES,2021-03-12 21:42:21
363,96114703,0.00000000 BTC,NO,NO,2021-03-12 21:42:22
364,96117000,0.00000000 BTC,NO,YES,2021-03-12 21:46:50
365,35198479,0.00000000 BTC,NO,YES,2021-03-12 21:52:17
366,96137248,0.00000000 BTC,NO,NO,2021-03-12 22:23:43
367,96142316,0.00000000 BTC,NO,NO,2021-03-12 22:32:42
368,73824934,0.00000000 BTC,NO,YES,2021-03-12 22:50:21
369,96170799,0.00000000 BTC,NO,YES,2021-03-12 23:21:11
370,58529378,0.00000000 BTC,NO,YES,2021-03-12 23:27:53
371,96205842,0.00000000 BTC,NO,NO,2021-03-13 00:04:32
372,96208262,0.00000000 BTC,NO,NO,2021-03-13 00:08:01
373,96197810,0.00000000 BTC,NO,NO,2021-03-13 00:54:08
374,96244941,0.00000000 BTC,NO,YES,2021-03-13 01:08:53
375,96261622,0.00000000 BTC,NO,NO,2021-03-13 02:11:57
376,96183680,0.00000000 BTC,NO,NO,2021-03-13 03:09:57
377,96433145,0.00000000 BTC,NO,YES,2021-03-13 10:19:04
378,96474045,0.00000000 BTC,NO,NO,2021-03-13 11:37:24
379,96476718,0.00000000 BTC,NO,YES,2021-03-13 11:42:29
380,96472401,0.00000000 BTC,NO,YES,2021-03-13 12:14:03
381,96504758,0.00000000 BTC,NO,NO,2021-03-13 12:34:31
382,61126970,0.00000000 BTC,NO,NO,2021-03-13 12:43:03
383,96509857,0.00000000 BTC,NO,YES,2021-03-13 13:22:19
384,96536848,0.00000000 BTC,NO,NO,2021-03-13 13:28:35
385,96538051,0.00000000 BTC,NO,NO,2021-03-13 13:30:21
386,96562312,0.00000000 BTC,NO,YES,2021-03-13 14:05:00
387,96566237,0.00000000 BTC,NO,YES,2021-03-13 14:10:07
388,96580082,0.00000000 BTC,NO,NO,2021-03-13 14:30:19
389,96619007,0.00000000 BTC,NO,NO,2021-03-13 15:25:22
390,96633440,0.00000000 BTC,NO,NO,2021-03-13 15:45:37
391,96641198,0.00000000 BTC,NO,NO,2021-03-13 15:56:38
392,96648495,0.00000000 BTC,NO,NO,2021-03-13 16:06:48
393,96656738,0.00000000 BTC,NO,YES,2021-03-13 16:19:14
394,96663265,0.00000000 BTC,NO,NO,2021-03-13 16:28:44
395,96649633,0.00000000 BTC,NO,NO,2021-03-13 16:35:21
396,95912675,0.00000000 BTC,NO,NO,2021-03-13 16:35:27
397,96669018,0.00000000 BTC,NO,NO,2021-03-13 16:37:19
398,96691096,0.00000000 BTC,NO,NO,2021-03-13 17:09:12
399,96519895,0.00000000 BTC,NO,YES,2021-03-13 17:43:56
400,95883963,0.00000000 BTC,NO,NO,2021-03-13 17:52:39
401,96525864,0.00000000 BTC,NO,NO,2021-03-13 17:52:43
402,96132380,0.00000000 BTC,NO,YES,2021-03-13 17:53:02
403,96727554,0.00000000 BTC,NO,NO,2021-03-13 18:00:24
404,66333652,0.00000000 BTC,NO,NO,2021-03-13 18:06:03
405,96746644,0.00000000 BTC,NO,NO,2021-03-13 18:26:50
406,96754275,0.00000000 BTC,NO,NO,2021-03-13 18:37:44
407,96758796,0.00000000 BTC,NO,YES,2021-03-13 18:44:20
408,96773354,0.00000000 BTC,NO,NO,2021-03-13 19:01:53
409,96775884,0.00000000 BTC,NO,NO,2021-03-13 19:05:09
410,96778885,0.00000000 BTC,NO,NO,2021-03-13 19:09:45
411,95264521,0.00000000 BTC,NO,YES,2021-03-13 19:13:07
412,96793572,0.00000000 BTC,NO,NO,2021-03-13 19:32:08
413,96796757,0.00000000 BTC,NO,YES,2021-03-13 19:37:15
414,96798359,0.00000000 BTC,NO,NO,2021-03-13 19:39:51
415,88180256,0.00000000 BTC,NO,NO,2021-03-13 19:46:10
416,96804763,0.00000000 BTC,NO,YES,2021-03-13 19:49:46
417,96817450,0.00000000 BTC,NO,NO,2021-03-13 20:08:28
418,96818968,0.00000000 BTC,NO,NO,2021-03-13 20:10:47
419,96808533,0.00000000 BTC,NO,NO,2021-03-13 20:31:31
420,96546689,0.00000000 BTC,NO,YES,2021-03-13 20:37:46
421,96841254,0.00000000 BTC,NO,NO,2021-03-13 20:44:46
422,95789597,0.00000000 BTC,NO,NO,2021-03-13 22:52:21
423,73625748,0.00000000 BTC,NO,NO,2021-03-13 23:25:01
424,96972134,0.00000000 BTC,NO,NO,2021-03-13 23:59:07
425,97044402,0.00000000 BTC,NO,NO,2021-03-14 02:37:27
426,96975005,0.00000000 BTC,NO,NO,2021-03-14 03:09:56
427,97059095,0.00000000 BTC,NO,NO,2021-03-14 03:13:53
428,96741617,0.00000000 BTC,NO,YES,2021-03-14 06:40:45
429,97305108,0.00000000 BTC,NO,NO,2021-03-14 13:24:43
430,62012809,0.00000000 BTC,NO,NO,2021-03-14 13:41:45
431,97447807,0.00000000 BTC,NO,YES,2021-03-14 16:56:12
432,97477019,0.00000000 BTC,NO,NO,2021-03-14 17:36:53
433,70166435,0.00000000 BTC,NO,YES,2021-03-14 18:59:40
434,96488528,0.00000000 BTC,NO,YES,2021-03-14 20:04:04
435,96100721,0.00000000 BTC,NO,NO,2021-03-14 22:31:27
436,97688585,0.00000000 BTC,NO,YES,2021-03-14 23:15:53
437,97693321,0.00000000 BTC,NO,NO,2021-03-14 23:24:13
438,97696769,0.00000000 BTC,NO,YES,2021-03-14 23:29:55
439,97722553,0.00000000 BTC,NO,NO,2021-03-15 00:28:18
440,97736221,0.00000000 BTC,NO,NO,2021-03-15 00:43:25
441,96614472,0.00000000 BTC,NO,NO,2021-03-15 01:07:25
442,69675516,0.00000000 BTC,NO,NO,2021-03-15 11:35:41
443,95775556,0.00000000 BTC,NO,YES,2021-03-15 11:51:23
444,98056210,0.00000000 BTC,NO,NO,2021-03-15 13:14:48
445,97487102,0.00000000 BTC,NO,YES,2021-03-15 14:33:35
446,97874089,0.00000000 BTC,NO,NO,2021-03-15 21:04:11
447,65816439,0.00000000 BTC,NO,YES,2021-03-15 21:13:54
448,96242816,0.00000000 BTC,NO,NO,2021-03-16 00:01:14
449,98521134,0.00000000 BTC,NO,NO,2021-03-16 00:28:12
450,98580912,0.00000000 BTC,NO,NO,2021-03-16 02:58:13
451,96265909,0.00000000 BTC,NO,NO,2021-03-16 16:36:19
452,89338230,0.00000000 BTC,NO,YES,2021-03-16 17:37:29
453,99105974,0.00000000 BTC,NO,NO,2021-03-16 21:07:30
454,96822366,0.00000000 BTC,NO,YES,2021-03-16 21:19:36
455,100514154,0.00000000 BTC,NO,NO,2021-03-18 23:34:59
456,100505413,0.00000000 BTC,NO,NO,2021-03-18 23:37:18
457,82647858,0.00000000 BTC,NO,YES,2021-03-19 13:43:53
458,100834824,0.00000000 BTC,NO,NO,2021-03-19 14:31:19
459,101042976,0.00000000 BTC,NO,NO,2021-03-19 21:11:58
460,95937750,0.00000000 BTC,NO,NO,2021-03-20 13:55:27
461,97397376,0.00000000 BTC,NO,YES,2021-03-21 00:34:37
462,102012120,0.00000000 BTC,NO,YES,2021-03-21 13:56:11
463,102049073,0.00000000 BTC,NO,NO,2021-03-21 16:06:54
464,102547251,0.00000000 BTC,NO,NO,2021-03-22 09:05:41
465,102955371,0.00000000 BTC,NO,NO,2021-03-22 21:06:49
466,51549359,0.00000000 BTC,NO,NO,2021-03-23 00:55:11
467,104250586,0.00000000 BTC,NO,NO,2021-03-25 00:09:23
468,75141892,0.00000000 BTC,NO,YES,2021-03-26 12:11:56
469,105215524,0.00000000 BTC,NO,YES,2021-03-26 19:31:54
470,103183568,0.00000000 BTC,NO,NO,2021-03-26 20:22:21
471,106073174,0.00000000 BTC,NO,NO,2021-03-28 13:28:42
472,97430496,0.00000000 BTC,NO,YES,2021-03-30 13:25:49
473,84597194,0.00000000 BTC,NO,YES,2021-04-03 10:11:36
474,110454330,0.00000000 BTC,NO,YES,2021-04-03 15:49:02
475,110782561,0.00000000 BTC,NO,NO,2021-04-03 22:28:42
476,110779162,0.00000000 BTC,NO,NO,2021-04-03 23:13:49
477,111257075,0.00000000 BTC,NO,YES,2021-04-04 15:26:42
478,108917148,0.00000000 BTC,NO,NO,2021-04-04 19:32:28
479,112994497,0.00000000 BTC,NO,YES,2021-04-06 03:12:28
480,113011357,0.00000000 BTC,NO,NO,2021-04-06 03:12:37
481,84678546,0.00000000 BTC,NO,NO,2021-04-06 09:47:11
482,95871203,0.00000000 BTC,NO,NO,2021-04-07 20:24:17
483,98112699,0.00000000 BTC,NO,YES,2021-04-09 14:35:24
484,118947553,0.00000000 BTC,NO,NO,2021-04-12 16:03:50
485,120420621,0.00000000 BTC,NO,NO,2021-04-14 16:35:54
486,118970173,0.00000000 BTC,NO,NO,2021-04-14 21:43:01
487,121572624,0.00000000 BTC,NO,NO,2021-04-14 23:33:15
488,122143207,0.00000000 BTC,NO,YES,2021-04-15 14:21:53
489,99598863,0.00000000 BTC,NO,YES,2021-04-15 15:13:40
490,120773885,0.00000000 BTC,NO,NO,2021-04-15 18:49:41
491,120432862,0.00000000 BTC,NO,NO,2021-04-16 01:45:11
492,123826127,0.00000000 BTC,NO,YES,2021-04-16 18:13:16
493,125221823,0.00000000 BTC,NO,NO,2021-04-17 15:16:02
494,122457003,0.00000000 BTC,NO,YES,2021-04-17 19:03:33
495,122375658,0.00000000 BTC,NO,NO,2021-04-17 21:27:11
496,98577427,0.00000000 BTC,NO,NO,2021-04-18 00:21:11
497,127867716,0.00000000 BTC,NO,NO,2021-04-19 13:17:28
498,119745046,0.00000000 BTC,NO,NO,2021-04-19 22:42:18
499,128318518,0.00000000 BTC,NO,NO,2021-04-19 23:15:12
500,126957991,0.00000000 BTC,NO,YES,2021-04-19 23:25:19
501,129376381,0.00000000 BTC,NO,NO,2021-04-20 19:15:53
502,129696340,0.00000000 BTC,NO,NO,2021-04-22 21:39:33
503,133253586,0.00000000 BTC,NO,NO,2021-04-24 13:53:22
504,133514681,0.00000000 BTC,NO,NO,2021-04-24 23:16:08
505,131854339,0.00000000 BTC,NO,NO,2021-04-26 22:54:04
506,121567904,0.00000000 BTC,NO,NO,2021-04-27 15:18:50
507,121266225,0.00000000 BTC,NO,NO,2021-04-29 07:27:38
508,119342391,0.00000000 BTC,NO,NO,2021-04-29 13:44:43
509,137638184,0.00000000 BTC,NO,YES,2021-04-30 13:00:40
510,137777551,0.00000000 BTC,NO,NO,2021-04-30 16:47:25
511,137790259,0.00000000 BTC,NO,NO,2021-04-30 17:05:15
512,130759099,0.00000000 BTC,NO,NO,2021-05-04 15:50:40
513,143464976,0.00000000 BTC,NO,NO,2021-05-05 22:47:04
514,143469155,0.00000000 BTC,NO,NO,2021-05-05 22:50:01
515,143684755,0.00000000 BTC,NO,YES,2021-05-06 02:35:57
516,143565764,0.00000000 BTC,NO,NO,2021-05-06 03:17:15
517,143587873,0.00000000 BTC,NO,NO,2021-05-06 03:17:35
518,143746816,0.00000000 BTC,NO,YES,2021-05-06 04:49:47
519,143806174,0.00000000 BTC,NO,YES,2021-05-06 05:19:00
520,144011896,0.00000000 BTC,NO,YES,2021-05-06 09:10:03
521,144113924,0.00000000 BTC,NO,NO,2021-05-06 10:45:36
522,144172126,0.00000000 BTC,NO,NO,2021-05-06 11:38:05
523,144210647,0.00000000 BTC,NO,NO,2021-05-06 12:10:37
524,144232155,0.00000000 BTC,NO,YES,2021-05-06 12:30:24
525,144270493,0.00000000 BTC,NO,YES,2021-05-06 13:06:39
526,144211878,0.00000000 BTC,NO,YES,2021-05-06 13:11:26
527,144300297,0.00000000 BTC,NO,YES,2021-05-06 13:35:14
528,144317718,0.00000000 BTC,NO,NO,2021-05-06 13:49:28
529,144325787,0.00000000 BTC,NO,YES,2021-05-06 13:56:11
530,144378964,0.00000000 BTC,NO,NO,2021-05-06 14:39:16
531,144423939,0.00000000 BTC,NO,YES,2021-05-06 15:11:39
532,144467092,0.00000000 BTC,NO,YES,2021-05-06 15:43:01
533,144471582,0.00000000 BTC,NO,YES,2021-05-06 15:55:27
534,20918965,0.00000000 BTC,NO,NO,2021-05-06 16:11:23
535,144508689,0.00000000 BTC,NO,YES,2021-05-06 16:12:29
536,144521164,0.00000000 BTC,NO,NO,2021-05-06 16:21:23
537,144348807,0.00000000 BTC,NO,YES,2021-05-06 16:32:34
538,37669817,0.00000000 BTC,NO,YES,2021-05-06 16:34:12
539,144544186,0.00000000 BTC,NO,NO,2021-05-06 16:38:07
540,144070750,0.00000000 BTC,NO,YES,2021-05-06 16:41:15
541,144222448,0.00000000 BTC,NO,NO,2021-05-06 17:50:18
542,144657951,0.00000000 BTC,NO,NO,2021-05-06 17:56:12
543,144355096,0.00000000 BTC,NO,NO,2021-05-06 17:56:13
544,144649061,0.00000000 BTC,NO,NO,2021-05-06 18:02:56
545,144659409,0.00000000 BTC,NO,NO,2021-05-06 18:20:35
546,144697703,0.00000000 BTC,NO,NO,2021-05-06 18:27:56
547,144714033,0.00000000 BTC,NO,NO,2021-05-06 18:36:08
548,144563291,0.00000000 BTC,NO,YES,2021-05-06 18:38:16
549,144713612,0.00000000 BTC,NO,NO,2021-05-06 18:46:49
550,144642040,0.00000000 BTC,NO,NO,2021-05-06 18:53:45
551,144419680,0.00000000 BTC,NO,NO,2021-05-06 19:18:29
552,144561658,0.00000000 BTC,NO,NO,2021-05-06 19:19:12
553,144510880,0.00000000 BTC,NO,YES,2021-05-06 19:46:54
554,144433297,0.00000000 BTC,NO,YES,2021-05-06 20:09:26
555,144853793,0.00000000 BTC,NO,NO,2021-05-06 20:16:40
556,136238541,0.00000000 BTC,NO,NO,2021-05-06 20:21:37
557,144865261,0.00000000 BTC,NO,YES,2021-05-06 20:41:44
558,144231174,0.00000000 BTC,NO,YES,2021-05-06 21:02:29
559,144860774,0.00000000 BTC,NO,YES,2021-05-06 21:20:26
560,144962957,0.00000000 BTC,NO,YES,2021-05-06 21:38:11
561,144970984,0.00000000 BTC,NO,YES,2021-05-06 21:42:38
562,121069569,0.00000000 BTC,NO,YES,2021-05-06 22:02:43
563,145003164,0.00000000 BTC,NO,NO,2021-05-06 22:06:40
564,145009528,0.00000000 BTC,NO,YES,2021-05-06 22:11:10
565,144213680,0.00000000 BTC,NO,NO,2021-05-06 22:15:01
566,144071064,0.00000000 BTC,NO,YES,2021-05-06 22:28:23
567,145039848,0.00000000 BTC,NO,NO,2021-05-06 22:33:13
568,145043519,0.00000000 BTC,NO,NO,2021-05-06 22:36:12
569,145004530,0.00000000 BTC,NO,NO,2021-05-06 22:42:09
570,144545983,0.00000000 BTC,NO,NO,2021-05-06 22:46:01
571,45290724,0.00000000 BTC,NO,NO,2021-05-06 22:50:18
572,145048033,0.00000000 BTC,NO,NO,2021-05-06 23:08:25
573,145092090,0.00000000 BTC,NO,YES,2021-05-06 23:14:35
574,144712214,0.00000000 BTC,NO,NO,2021-05-06 23:18:08
575,144963167,0.00000000 BTC,NO,YES,2021-05-06 23:19:18
576,144982130,0.00000000 BTC,NO,YES,2021-05-06 23:19:24
577,144972722,0.00000000 BTC,NO,YES,2021-05-06 23:48:17
578,145155131,0.00000000 BTC,NO,YES,2021-05-07 00:13:17
579,145050283,0.00000000 BTC,NO,NO,2021-05-07 01:26:01
580,145234653,0.00000000 BTC,NO,YES,2021-05-07 01:48:18
581,145255984,0.00000000 BTC,NO,NO,2021-05-07 02:44:48
582,145039892,0.00000000 BTC,NO,NO,2021-05-07 03:18:09
583,145157680,0.00000000 BTC,NO,YES,2021-05-07 03:18:32
584,145530589,0.00000000 BTC,NO,NO,2021-05-07 08:33:07
585,145550427,0.00000000 BTC,NO,NO,2021-05-07 08:55:10
586,145021851,0.00000000 BTC,NO,YES,2021-05-07 09:49:55
587,145615606,0.00000000 BTC,NO,NO,2021-05-07 10:03:58
588,145619952,0.00000000 BTC,NO,YES,2021-05-07 10:08:21
589,145664007,0.00000000 BTC,NO,NO,2021-05-07 10:49:41
590,145682243,0.00000000 BTC,NO,NO,2021-05-07 11:06:01
591,145709449,0.00000000 BTC,NO,NO,2021-05-07 11:30:51
592,145752017,0.00000000 BTC,NO,YES,2021-05-07 12:06:00
593,145758102,0.00000000 BTC,NO,NO,2021-05-07 12:11:09
594,145733764,0.00000000 BTC,NO,NO,2021-05-07 12:20:51
595,145726576,0.00000000 BTC,NO,NO,2021-05-07 12:22:34
596,145800807,0.00000000 BTC,NO,NO,2021-05-07 12:48:13
597,145806539,0.00000000 BTC,NO,NO,2021-05-07 12:53:10
598,145860374,0.00000000 BTC,NO,YES,2021-05-07 14:17:22
599,145953817,0.00000000 BTC,NO,NO,2021-05-07 14:52:44
600,145954007,0.00000000 BTC,NO,YES,2021-05-07 14:52:53
601,40158747,0.00000000 BTC,NO,YES,2021-05-07 15:05:47
602,145720380,0.00000000 BTC,NO,NO,2021-05-07 15:17:42
603,145770354,0.00000000 BTC,NO,NO,2021-05-07 15:18:17
604,145955383,0.00000000 BTC,NO,YES,2021-05-07 15:19:28
605,145989065,0.00000000 BTC,NO,NO,2021-05-07 15:21:36
606,146043787,0.00000000 BTC,NO,NO,2021-05-07 16:03:26
607,146031238,0.00000000 BTC,NO,YES,2021-05-07 16:29:59
608,144028847,0.00000000 BTC,NO,YES,2021-05-07 17:12:05
609,146149000,0.00000000 BTC,NO,YES,2021-05-07 17:24:32
610,146155000,0.00000000 BTC,NO,NO,2021-05-07 17:28:57
611,146185564,0.00000000 BTC,NO,NO,2021-05-07 17:51:23
612,114056279,0.00000000 BTC,NO,NO,2021-05-07 18:09:45
613,146242009,0.00000000 BTC,NO,NO,2021-05-07 18:32:58
614,146244133,0.00000000 BTC,NO,NO,2021-05-07 18:34:44
615,146246900,0.00000000 BTC,NO,YES,2021-05-07 18:36:58
616,146253651,0.00000000 BTC,NO,NO,2021-05-07 18:42:33
617,146035490,0.00000000 BTC,NO,NO,2021-05-07 19:17:08
618,146044879,0.00000000 BTC,NO,YES,2021-05-07 19:17:25
619,146219934,0.00000000 BTC,NO,NO,2021-05-07 19:18:32
620,146359464,0.00000000 BTC,NO,YES,2021-05-07 20:08:06
621,146375799,0.00000000 BTC,NO,YES,2021-05-07 20:21:57
622,146377974,0.00000000 BTC,NO,NO,2021-05-07 20:22:40
623,146390572,0.00000000 BTC,NO,NO,2021-05-07 20:32:30
624,143453780,0.00000000 BTC,NO,NO,2021-05-07 20:39:10
625,146407245,0.00000000 BTC,NO,NO,2021-05-07 20:45:34
626,146407918,0.00000000 BTC,NO,NO,2021-05-07 20:46:06
627,146408557,0.00000000 BTC,NO,NO,2021-05-07 20:46:40
628,146350850,0.00000000 BTC,NO,YES,2021-05-07 20:48:04
629,146420352,0.00000000 BTC,NO,NO,2021-05-07 20:56:45
630,146436091,0.00000000 BTC,NO,NO,2021-05-07 21:09:23
631,146440549,0.00000000 BTC,NO,YES,2021-05-07 21:13:06
632,146448308,0.00000000 BTC,NO,YES,2021-05-07 21:19:40
633,146307777,0.00000000 BTC,NO,NO,2021-05-07 21:57:30
634,146493956,0.00000000 BTC,NO,NO,2021-05-07 22:27:41
635,146509431,0.00000000 BTC,NO,YES,2021-05-07 22:38:53
636,146554802,0.00000000 BTC,NO,NO,2021-05-07 22:47:02
637,146518287,0.00000000 BTC,NO,YES,2021-05-07 23:03:49
637,146518146,0.00000000 BTC,NO,NO,2021-05-07 23:03:49
638,146537028,0.00000000 BTC,NO,YES,2021-05-07 23:03:51
639,146571559,0.00000000 BTC,NO,YES,2021-05-07 23:12:55
640,146408001,0.00000000 BTC,NO,YES,2021-05-07 23:17:05
641,144557438,0.00000000 BTC,NO,YES,2021-05-07 23:24:57
642,146638643,0.00000000 BTC,NO,YES,2021-05-07 23:55:33
643,146768494,0.00000000 BTC,NO,NO,2021-05-08 02:08:19
644,146752029,0.00000000 BTC,NO,NO,2021-05-08 02:17:01
645,145729148,0.00000000 BTC,NO,YES,2021-05-08 12:28:25
646,147349020,0.00000000 BTC,NO,NO,2021-05-08 12:42:50
647,144104306,0.00000000 BTC,NO,YES,2021-05-08 13:14:38
648,147407676,0.00000000 BTC,NO,NO,2021-05-08 13:30:52
649,147433960,0.00000000 BTC,NO,NO,2021-05-08 13:51:59
650,147434487,0.00000000 BTC,NO,NO,2021-05-08 13:52:29
651,147446203,0.00000000 BTC,NO,NO,2021-05-08 14:02:26
652,147475429,0.00000000 BTC,NO,YES,2021-05-08 14:24:26
653,147232337,0.00000000 BTC,NO,YES,2021-05-08 14:46:30
654,147530717,0.00000000 BTC,NO,YES,2021-05-08 15:06:22
655,147324069,0.00000000 BTC,NO,YES,2021-05-08 15:19:38
656,147552808,0.00000000 BTC,NO,NO,2021-05-08 15:23:06
657,147562378,0.00000000 BTC,NO,YES,2021-05-08 15:30:16
658,131911030,0.00000000 BTC,NO,YES,2021-05-08 15:58:01
659,147635740,0.00000000 BTC,NO,NO,2021-05-08 16:24:45
660,147636629,0.00000000 BTC,NO,NO,2021-05-08 16:25:21
661,147668162,0.00000000 BTC,NO,NO,2021-05-08 16:47:02
662,128380211,0.00000000 BTC,NO,YES,2021-05-08 17:13:14
663,147709452,0.00000000 BTC,NO,NO,2021-05-08 17:15:01
664,147716663,0.00000000 BTC,NO,YES,2021-05-08 17:19:49
665,147767279,0.00000000 BTC,NO,YES,2021-05-08 18:07:57
666,147772654,0.00000000 BTC,NO,NO,2021-05-08 18:09:35
667,147793312,0.00000000 BTC,NO,NO,2021-05-08 18:11:09
668,147785482,0.00000000 BTC,NO,NO,2021-05-08 18:13:28
669,147830023,0.00000000 BTC,NO,NO,2021-05-08 18:34:50
670,147673538,0.00000000 BTC,NO,NO,2021-05-08 18:50:36
671,147764968,0.00000000 BTC,NO,YES,2021-05-08 18:51:35
672,147897524,0.00000000 BTC,NO,NO,2021-05-08 19:15:26
673,147679310,0.00000000 BTC,NO,NO,2021-05-08 19:18:31
674,147908287,0.00000000 BTC,NO,YES,2021-05-08 19:40:57
675,147943721,0.00000000 BTC,NO,NO,2021-05-08 19:45:30
676,147929138,0.00000000 BTC,NO,NO,2021-05-08 19:50:24
677,147956474,0.00000000 BTC,NO,NO,2021-05-08 19:54:19
678,147546010,0.00000000 BTC,NO,NO,2021-05-08 20:17:50
679,146267692,0.00000000 BTC,NO,YES,2021-05-08 20:24:13
680,147907666,0.00000000 BTC,NO,YES,2021-05-08 20:53:45
681,144641266,0.00000000 BTC,NO,NO,2021-05-08 21:18:58
682,22601385,0.00000000 BTC,NO,YES,2021-05-08 22:07:17
683,148197509,0.00000000 BTC,NO,YES,2021-05-08 23:01:01
684,147930625,0.00000000 BTC,NO,NO,2021-05-08 23:19:08
685,148288089,0.00000000 BTC,NO,YES,2021-05-09 00:27:04
686,148368888,0.00000000 BTC,NO,YES,2021-05-09 01:54:45
687,149190081,0.00000000 BTC,NO,YES,2021-05-09 17:52:13
688,149386922,0.00000000 BTC,NO,NO,2021-05-09 18:08:35
689,144664097,0.00000000 BTC,NO,YES,2021-05-09 18:09:15
690,149584776,0.00000000 BTC,NO,YES,2021-05-09 21:34:29
691,149654171,0.00000000 BTC,NO,NO,2021-05-09 22:50:55
692,145079769,0.00000000 BTC,NO,YES,2021-05-09 22:51:45
693,150340854,0.00000000 BTC,NO,NO,2021-05-10 11:18:59
694,150389889,0.00000000 BTC,NO,NO,2021-05-10 11:28:46
695,149741017,0.00000000 BTC,NO,NO,2021-05-10 12:21:20
696,151112847,0.00000000 BTC,NO,NO,2021-05-10 17:23:09
697,99788707,0.00000000 BTC,NO,NO,2021-05-10 17:49:31
698,151179060,0.00000000 BTC,NO,NO,2021-05-10 17:51:24
699,151393490,0.00000000 BTC,NO,NO,2021-05-10 20:13:16
700,151518335,0.00000000 BTC,NO,YES,2021-05-10 21:09:54
701,151897418,0.00000000 BTC,NO,NO,2021-05-11 00:46:51
702,152832181,0.00000000 BTC,NO,NO,2021-05-11 13:02:29
703,153054263,0.00000000 BTC,NO,YES,2021-05-11 15:08:57
704,153153347,0.00000000 BTC,NO,NO,2021-05-11 16:11:10
705,153208785,0.00000000 BTC,NO,YES,2021-05-11 18:10:51
706,153467766,0.00000000 BTC,NO,NO,2021-05-11 19:14:19
707,153561237,0.00000000 BTC,NO,NO,2021-05-11 20:17:21
708,153617318,0.00000000 BTC,NO,NO,2021-05-11 20:52:59
709,146076703,0.00000000 BTC,NO,NO,2021-05-11 21:48:01
710,153768489,0.00000000 BTC,NO,NO,2021-05-11 22:46:48
711,148228421,0.00000000 BTC,NO,NO,2021-05-12 01:13:19
712,154366155,0.00000000 BTC,NO,NO,2021-05-12 09:01:11
713,144947457,0.00000000 BTC,NO,NO,2021-05-12 11:04:48
714,151376162,0.00000000 BTC,NO,NO,2021-05-12 15:36:02
715,154827387,0.00000000 BTC,NO,NO,2021-05-12 16:27:39
716,155069348,0.00000000 BTC,NO,YES,2021-05-12 17:50:34
717,145020225,0.00000000 BTC,NO,NO,2021-05-12 17:59:25
718,145126155,0.00000000 BTC,NO,NO,2021-05-12 18:16:16
719,155184673,0.00000000 BTC,NO,YES,2021-05-12 19:03:24
720,155214985,0.00000000 BTC,NO,NO,2021-05-12 19:18:57
721,155222275,0.00000000 BTC,NO,NO,2021-05-12 19:24:05
722,125147925,0.00000000 BTC,NO,NO,2021-05-12 23:19:32
723,155012789,0.00000000 BTC,NO,YES,2021-05-13 09:43:28
724,156085356,0.00000000 BTC,NO,NO,2021-05-13 11:03:30
725,147465803,0.00000000 BTC,NO,NO,2021-05-13 13:06:31
726,156340999,0.00000000 BTC,NO,NO,2021-05-13 17:32:25
727,155367776,0.00000000 BTC,NO,NO,2021-05-13 18:36:28
728,121880067,0.00000000 BTC,NO,NO,2021-05-13 20:15:17
729,156810138,0.00000000 BTC,NO,YES,2021-05-13 22:02:58
730,156764791,0.00000000 BTC,NO,NO,2021-05-13 22:39:34
731,156964614,0.00000000 BTC,NO,NO,2021-05-13 23:26:42
732,153546497,0.00000000 BTC,NO,YES,2021-05-14 01:06:31
733,75666440,0.00000000 BTC,NO,YES,2021-05-14 11:19:33
734,151428261,0.00000000 BTC,NO,NO,2021-05-14 15:07:51
735,157790011,0.00000000 BTC,NO,NO,2021-05-14 15:13:50
736,158048488,0.00000000 BTC,NO,NO,2021-05-14 18:27:20
737,158067473,0.00000000 BTC,NO,NO,2021-05-14 19:20:29
738,158091223,0.00000000 BTC,NO,NO,2021-05-14 19:22:35
739,159128749,0.00000000 BTC,NO,NO,2021-05-15 15:28:42
740,154821192,0.00000000 BTC,NO,YES,2021-05-15 19:31:50
741,159428164,0.00000000 BTC,NO,NO,2021-05-15 19:54:24
742,158462524,0.00000000 BTC,NO,NO,2021-05-15 20:36:52
743,159505295,0.00000000 BTC,NO,NO,2021-05-15 21:01:14
744,160099229,0.00000000 BTC,NO,NO,2021-05-16 12:18:37
745,161280180,0.00000000 BTC,NO,NO,2021-05-17 12:24:44
746,161374747,0.00000000 BTC,NO,NO,2021-05-17 14:12:45
747,161731174,0.00000000 BTC,NO,YES,2021-05-17 20:29:28
748,122180470,0.00000000 BTC,NO,NO,2021-05-17 23:10:21
749,163311874,0.00000000 BTC,NO,NO,2021-05-19 12:43:18
750,163327216,0.00000000 BTC,NO,NO,2021-05-19 13:23:22
751,134151881,0.00000000 BTC,NO,YES,2021-05-19 20:09:11
752,164039260,0.00000000 BTC,NO,NO,2021-05-19 22:43:40
753,165249495,0.00000000 BTC,NO,NO,2021-05-20 23:04:34
754,165301440,0.00000000 BTC,NO,NO,2021-05-21 03:20:31
755,166094110,0.00000000 BTC,NO,NO,2021-05-22 00:10:07
756,157046596,0.00000000 BTC,NO,NO,2021-05-27 23:33:12
757,170265368,0.00000000 BTC,NO,NO,2021-05-28 00:19:18
758,52365980,0.00000000 BTC,NO,NO,2021-05-28 10:37:01
759,51304907,0.00000000 BTC,NO,NO,2021-05-28 17:14:42
760,171010357,0.00000000 BTC,NO,NO,2021-05-29 14:22:37
761,171026486,0.00000000 BTC,NO,NO,2021-05-29 15:09:53
762,171110055,0.00000000 BTC,NO,YES,2021-05-29 18:16:53
763,171207174,0.00000000 BTC,NO,YES,2021-05-29 23:11:43
764,171620664,0.00000000 BTC,NO,YES,2021-05-30 21:08:23
765,45102173,0.00000000 BTC,NO,YES,2021-05-30 22:26:53
766,151372930,0.00000000 BTC,NO,NO,2021-05-31 23:32:21
767,172620295,0.00000000 BTC,NO,NO,2021-06-01 23:37:55
768,172918669,0.00000000 BTC,NO,YES,2021-06-02 15:42:34
769,65697561,0.00000000 BTC,NO,YES,2021-06-02 20:00:23
770,173167946,0.00000000 BTC,NO,NO,2021-06-04 19:51:10
771,174297321,0.00000000 BTC,NO,NO,2021-06-04 20:45:42
772,137306241,0.00000000 BTC,NO,NO,2021-06-04 23:25:12
773,121742067,0.00000000 BTC,NO,NO,2021-06-06 08:30:44
774,112029435,0.00000000 BTC,NO,NO,2021-06-06 21:52:03
775,174260361,0.00000000 BTC,NO,NO,2021-06-09 11:22:33
Note:,The BTC value of your Referral Bonus is calculated as per the price of Bitcoin at the previous days close.,,,,
